번호,단어,의미
1,person,사람
2,clothes,"천, 옷감"
3,life,"삶, 생명"
4,movie,영화
5,job,"일, 직업"
6,activity,활동
7,country,"국가, 시골"
8,example,"예, 사례"
9,earth,"지구, 흙"
10,dialogue,대화
11,problem,문제
12,letter,편지
13,way,"길, 방법"
14,fire,"불, 해고하다"
15,language,언어
16,minute,분
17,story,"이야기, 층"
18,part,"부분, 일부"
19,lot,"운, 운세"
20,plan,계획
21,name,이름
22,plant,"식물, 심다"
23,hand,"손, 건네다"
24,park,"공원, 주차하다"
25,place,장소
26,call,"부르다, 전화하다"
27,practice,"연습, 실천"
28,try,노력하다
29,work,"일, 작품"
30,need,필요로 하다
31,use,사용하다
32,keep,"지키다, 유지하다"
33,kind,"친절한, 종류"
34,listen,듣다
35,fun,재미
36,find,"찾다, 발견하다"
37,future,미래
38,learn,배우다
39,have,가지다
40,live,살다
41,make,만들다
42,mean,의미하다
43,let,~하게 해주다
44,last,지속하다
45,get,"얻다, 취하다"
46,any,어떤
47,take,가져가다
48,each,각각의
49,different,"다른, 다양한"
50,other,다른
51,important,중요한
52,another,또 다른
53,right,"옳은, 권리"
54,same,같은
55,sure,확실한
56,too,"또한, 너무"
57,well,"잘, 우물"
58,also,또한
59,hard,"딱딱한, 열심히"
60,really,정말로
61,bird,새
62,nature,"자연, 본성"
63,restaurant,식당
64,state,"상태, 진술하다"
65,trip,"여행, 출장"
66,island,섬
67,vacation,"휴가, 방학"
68,group,"무리, 무리 짓다"
69,space,"공간, 우주"
70,soldier,군인
71,street,거리
72,habit,습관
73,side,"측, 입장"
74,culture,문화
75,paper,종이
76,history,역사
77,newspaper,신문
78,information,정보
79,face,"얼굴, 마주하다"
80,advertisement,광고
81,mind,"마음, 꺼리다"
82,science,과학
83,change,변화하다
84,war,전쟁
85,visit,방문하다
86,store,"상점, 저장하다"
87,start,시작하다
88,sound,"소리, 들리다"
89,watch,주시하다
90,point,"핵심, 가리키다"
91,light,"빛, 가벼운"
92,land,착륙하다
93,present,"현재, 선물"
94,turn,"차례, 회전하다"
95,middle,중간의
96,fly,"날다, 파리"
97,favorite,좋아하는
98,begin,시작하다
99,enjoy,즐기다
100,grow,자라다
101,win,"이기다, 획득하다"
102,believe,믿다
103,understand,이해하다
104,worry,걱정하다
105,warm,따뜻한
106,save,"구하다, 저장하다"
107,clean,청소하다
108,please,만족시키다
109,own,"자신의, 소유하다"
110,easy,쉬운
111,interesting,흥미로운
112,poor,"가난한, 어설픈"
113,famous,유명한
114,such,"그러한, 그렇게"
115,special,특별한
116,just,"단지, 정당한"
117,fast,빠른
118,back,"뒤, 등"
119,only,"오직, 유일한"
120,always,항상
121,village,마을
122,neighbor,"이웃, 동네"
123,forest,숲
124,pet,애완동물
125,leaf,나뭇잎
126,bottle,병
127,vegetable,채소
128,art,"예술, 기술"
129,office,사무실
130,poem,시
131,machine,기계
132,subject,"과목, 주제"
133,area,"지역, 영역"
134,weekend,주말
135,piece,조각
136,price,왕자
137,grace,"은혜, 은총"
138,custom,관습
139,spring,"봄, 샘물, 튀다"
140,fact,사실
141,rock,"바위, 흔들다"
142,rule,"규칙, 통치하다"
143,line,선
144,break,"깨다, 휴식"
145,exercise,운동하다
146,check,확인하다
147,end,"끝, 목적"
148,stay,머물다
149,cook,요리하다
150,bring,가져오다
151,fall,"떨어지다, 가을"
152,build,"짓다, 축적하다"
153,front,"앞, 전면"
154,join,합류하다
155,second,"두 번째, 초"
156,lose,"지다, 길을 잃다"
157,cold,"추운, 감기"
158,die,죽다
159,happen,일어나다
160,half,절반의
161,leave,"떠나다, 방치하다"
162,few,거의 없는
163,remember,기억하다
164,both,둘 다
165,wear,"입다, 닳다"
166,sick,아픈
167,move,움직이다
168,busy,바쁜
169,send,보내다
170,real,"실제의, 진정한"
171,large,"큰, 거대한"
172,wrong,잘못된
173,hot,"뜨거운, 매운"
174,most,대부분의
175,early,일찍
176,late,늦은
177,often,"종종, 자주"
178,together,함께
179,sometimes,때때로
180,even,"심지어, 평평한"
181,health,건강
182,brain,두뇌
183,holiday,휴일
184,voice,목소리
185,gift,"선물, 재능"
186,opinion,의견
187,field,"분야, 들판"
188,age,"나이, 노화"
189,site,"위치, 유적"
190,century,"세기, 100년"
191,goal,목표
192,event,"사건, 행사"
193,effect,효과
194,dish,"접시, 요리"
195,sign,"신호, 징조"
196,toy,"장난감, 장난치다"
197,report,보고하다
198,subway,지하철
199,order,"주문, 명령, 질서"
200,hundred,백(100)
201,experience,경험하다
202,thousand,"천(1,000)"
203,result,결과
204,rest,"쉬다, 나머지"
205,ride,"타다, 주행하다"
206,waste,"낭비하다, 쓰레기"
207,wish,소망하다
208,surprise,놀라게 하다
209,human,인간
210,bear,"견디다, 낳다"
211,past,"과거, 지난"
212,fight,싸우다
213,carry,"휴대하다, 옮기다"
214,buy,"사다, 구매하다"
215,draw,"그리다, 당기다"
216,sell,"팔다, 팔리다"
217,spend,"쓰다, 보내다"
218,follow,"따르다, 추적하다"
219,wait,기다리다
220,miss,"놓치다, 그리워하다"
221,decide,결정하다
222,close,"가까운, 닫다"
223,choose,고르다
224,free,"자유로운, 무료의"
225,TRUE,진실한
226,upset,언짢은
227,popular,인기 있는
228,healthy,건강한
229,difficult,어려운
230,delicious,맛있는
231,foreign,외국의
232,sad,슬픈
233,able,능력 있는
234,careful,주의 깊은
235,full,가득 찬
236,ready,준비 된
237,usually,대게
238,away,"멀리, 떨어진"
239,never,결코 ~아닌
240,however,하지만
241,president,대통령
242,teenager,십대
243,diary,일기
244,arm,"팔, 무기, 무장하다"
245,cartoon,만화
246,skill,기술
247,meal,식사
248,factory,공장
249,character,"문자, 성격"
250,prize,"상, 상을 주다"
251,reason,이유
252,chance,"기회, 가능성"
253,ground,"지면, 기반"
254,shape,"모양, 형태"
255,community,공동체
256,difference,"차이, 차별"
257,glass,유리
258,wall,벽
259,weight,무게
260,contest,경연
261,control,통제하다
262,race,"경주, 인종"
263,step,단계
264,smell,냄새가 나다
265,matter,"문제, 중요하다"
266,interest,흥미롭게 하다
267,match,"어울리다, 필적하다"
268,judge,판단하다
269,set,"설치하다, 정하다"
270,cause,"원인, 유발하다"
271,catch,잡다
272,cover,"덮다, 다루다"
273,hold,"유지하다, 껴안다"
274,travel,"여행하다, 이동하다"
275,pick,"줍다, 고르다"
276,guess,추측하다
277,teach,가르치다
278,finish,끝마치다
279,agree,동의하다
280,wash,닦다
281,invent,발명하다
282,introduce,"소개하다, 도입하다"
283,welcome,환영하다
284,hurt,상처를 주다(받다)
285,bright,밝은
286,tired,피곤한
287,smart,영리한
288,proud,"거만한, 당당한"
289,wise,현명한
290,dirty,더러운
291,hungry,배고픈
292,angry,화난
293,fine,"훌륭한, 벌금"
294,modern,현대의
295,pretty,"예뿐, 매우"
296,useful,유용한
297,still,"여전히, 정지한"
298,soon,곧
299,later,나중에
300,once,"한때, 일단 ~하면"
301,environment,환경
302,clerk,점원
303,pollution,"오염, 공해"
304,foot,발
305,lake,호수
306,company,"회사, 교제"
307,desert,"사막, 버리다"
308,garage,차고
309,insect,곤충
310,palace,왕궁
311,accident,"사건, 사고, 우연"
312,hole,구멍
313,college,대학
314,bill,"지폐, 계산서, 법안"
315,exam,시험
316,seed,씨앗
317,advice,충고
318,medicine,"약, 의학"
319,hobby,취미
320,luck,"운, 행운"
321,form,"형태, 형성하다"
322,meaning,의미
323,mark,"표시, 기록"
324,volunteer,자원하다
325,board,"판자, 탑승하다"
326,view,"보다, 견해"
327,post,게시하다
328,lie,"눕다, ~에 있다"
329,laugh,"웃다, 비웃다"
330,act,행동하다
331,excuse,"변명, 용서"
332,pay,지불하다
333,pass,"지나가다, 통과하다"
334,shout,외치다
335,drive,운전하다
336,cross,교차하다
337,receive,"받다, 수령하다"
338,seem,보이다
339,kill,죽이다
340,invite,초대하다
341,climb,"오르다, 등산하다"
342,arrive,도착하다
343,add,"더하다, 추가하다"
344,collect,"모으다, 수집하다"
345,fat,"뚱뚱한, 지방"
346,rich,부유한
347,dark,어두운
348,blind,눈이 먼
349,whole,전체의
350,heavy,무거운
351,afraid,"두려운, 유감의"
352,terrible,끔찍한
353,physical,물리적인
354,strange,"이상한, 낯선"
355,dangerous,위험한
356,possible,가능한
357,off,"떨어져, 끊어져"
358,maybe,아마도
359,over,"~위에, ~이상"
360,ago,~전에
361,sense,"감각, 감지하다"
362,truth,진실
363,pleasure,"기쁨, 즐거움"
364,success,성공
365,image,"영상, 이미지"
366,friendship,우정
367,map,지도
368,being,존재
369,project,"계획, 영사하다"
370,goods,상품
371,traffic,교통
372,coin,동전
373,safety,안전
374,bank,"은행, 둑, 제방"
375,spaceship,우주선
376,address,"주소, 연설하다"
377,rainbow,무지개
378,electricity,전기
379,million,백만
380,law,법
381,model,"모범, 모형"
382,campaign,"군사행동, 유세"
383,type,유형
384,sentence,"문장, 판결하다"
385,block,"막다, 차단하다"
386,heat,"열, 가열하다"
387,seat,앉히다
388,circle,원
389,touch,"만지다, 감동시키다"
390,reach,도착하다
391,wonder,의아해하다
392,mix,"섞다, 혼합하다"
393,magic,"마법의, 마술"
394,excite,흥분시키다
395,secret,"비밀, 비결"
396,rise,오르다
397,general,"일반적인, 장군"
398,lead,이끌다
399,prepare,준비하다
400,enter,들어가다
401,imagine,상상하다
402,fill,채우다
403,forget,잊다
404,produce,생산하다
405,develop,"발전하다, 계발하다"
406,cool,"시원한, 식히다"
407,recycle,재활용하다
408,slow,"느린, 더딘"
409,several,몇몇의
410,clear,"깨끗한, 분명한"
411,funny,재미있는
412,FALSE,거짓의
413,safe,"안전한, 금고"
414,national,국가의
415,enough,충분한
416,main,주요한
417,loud,"큰, 시끄러운"
418,almost,거의
419,far,"먼, 멀리 떨어진"
420,finally,"마침내, 결국"
421,library,"도서관, 서재"
422,peace,평화
423,museum,박물관
424,beauty,아름다움
425,ocean,"바다, 대양"
426,sight,"시각, 시력, 견해"
427,bone,뼈
428,nation,국가
429,bath,목욕하다
430,foreigner,외국인
431,pity,유감
432,lend,빌리다
433,proverb,속담
434,magazine,잡지
435,product,제품
436,storm,폭풍
437,invention,발명
438,straw,"빨대, 지푸라기"
439,technology,기술
440,disease,질병
441,trash,쓰레기
442,respect,존중하다
443,moment,순간
444,reply,대답하다
445,date,날짜
446,record,기록하다
447,taste,맛이 나다
448,cheer,응원하다
449,balance,균형
450,shake,흔들다
451,ring,울리다
452,key,"열쇠, 핵심"
453,share,"나누다, 공유하다"
454,square,사각형
455,return,"돌아오다, 반납하다"
456,wake,깨어나다
457,lift,들어 올리다
458,discover,발견하다
459,raise,"올리다, 기르다"
460,solve,"풀다, 해결하다"
461,explain,설명하다
462,continue,계속하다
463,marry,결혼하다
464,burn,"타다, 태우다"
465,exciting,흥미로운
466,simple,"간단한, 검소한"
467,common,"공통의, 흔한"
468,quiet,조용한
469,global,세계의
470,traditional,전통적인
471,regular,규칙적인
472,international,국제적인
473,serious,"심각한, 진지한"
474,huge,"거대한, 엄청난"
475,fresh,신선한
476,amazing,놀라운
477,probably,아마도
478,instead,대신에
479,else,그 밖의
480,suddenly,갑자기
481,bridge,"다리, 연결하다"
482,creature,"생물, 생명체"
483,ghost,유령
484,police,경찰
485,scene,장면
486,army,군인
487,effort,노력
488,society,사회
489,wisdom,지혜
490,fan,"애호가, 부채"
491,fault,"실수, 잘못"
492,wheel,바퀴
493,flight,"비행, 비행하다"
494,pair,"쌍, 짝"
495,zoo,동물원
496,joy,즐거움
497,candle,"초, 양초"
498,memory,"기억, 기억력"
499,bottom,바닥
500,recipe,조리법
501,mistake,실수
502,kid,아이
503,trouble,"문제, 골칫거리"
504,smoke,연기
505,bat,"방망이, 치다"
506,favor,"애호, 선호"
507,blow,"불다, 타격하다"
508,trick,"속임수, 비결"
509,flood,"넘쳐흐르다, 홍수"
510,experiment,실험
511,hurry,서두르다
512,drop,"방울, 떨어뜨리다"
513,treat,"다루다, 대접하다"
514,press,"누르다, 압박하다"
515,express,표현하다
516,stick,"막대기, 찌르다"
517,breathe,호흡하다
518,roll,구르다
519,hate,미워하다
520,serve,제공하다
521,create,"창조하다, 만들다"
522,improve,"개선하다, 나아지다"
523,divide,"나누다, 분할하다"
524,realize,"깨닫다, 실현하다"
525,soft,부드러운
526,dry,"마른, 건조한"
527,empty,"텅 빈, 비우다"
528,complete,완성하다
529,perfect,완벽한
530,lucky,운 좋은
531,successful,성공적인
532,natural,"자연의, 당연한"
533,everyday,매일
534,friendly,"친절한, 친근한"
535,low,낮은
536,cute,귀여운
537,alone,혼자
538,already,이미
539,inside,"내부, 내부의"
540,especially,특히
541,hometown,고향
542,couple,한 쌍
543,yard,"마당, 뜰"
544,honey,꿀
545,grocery,식료품
546,tourist,관광객
547,fairy,요정
548,gate,"문, 입구"
549,flag,깃발
550,background,배경
551,manner,"방법, 예절"
552,capital,"수도, 자본"
553,noise,소음
554,valley,계곡
555,pain,고통
556,direction,"방향, 지침"
557,danger,위험
558,distance,거리
559,guide,안내하다
560,behavior,행동
561,coach,코치
562,object,"물체, 대상"
563,note,"기록, 음표, 주목"
564,dictionary,사전
565,count,"셈하다, 중요하다"
566,tear,"눈물, 찢다"
567,sail,항해하다
568,honor,"명예, 존경"
569,promise,약속하다
570,increase,증가하다
571,repeat,반복하다
572,bite,물다
573,bake,굽다
574,male,남성의
575,gather,모으다
576,native,토착의
577,succeed,"성공하다, 계승하다"
578,disappoint,실망시키다
579,protect,보호하다
580,shine,빛나다
581,advertise,광고하다
582,fix,"고치다, 고정하다"
583,disappear,사라지다
584,pour,쏟아 붓다
585,electric,"전기의, 전자의"
586,allow,허락하다
587,lovely,사랑스러운
588,prevent,"예방하다, 막다"
589,thin,"마른, 가는"
590,certain,특정한
591,round,둥근
592,mental,정신의
593,deep,깊은
594,comfortable,편안한
595,wide,넓은
596,expensive,비싼
597,yet,아직
598,therefore,그러므로
599,quickly,빠르게
600,everywhere,어디서나
601,action,"행동, 조치"
602,hero,영웅
603,talent,재능
604,ability,능력
605,choice,선택
606,knowledge,지식
607,slave,노예
608,technique,기술
609,situation,상황
610,floor,"층, 바닥"
611,pride,자부심
612,cancer,암
613,tip,"조언, 끝부분"
614,diet,"식단, 다이어트"
615,stair,계단
616,garbage,쓰레기
617,soil,"흙, 토양"
618,cash,현금
619,master,"주인, 숙달하다"
620,countryside,"시골, 교외"
621,suit,"소송, 적합하다"
622,route,"길, 경로"
623,notice,알아채다
624,amount,양
625,bow,절하다
626,score,"점수, 득점하다"
627,rush,돌진하다
628,challenge,"도전, 고난"
629,adult,성인
630,cure,치료하다
631,principal,"주요한, 교장"
632,appear,나타나다
633,folk,"사람들, 평민"
634,spread,퍼지다
635,material,물질적인
636,hunt,사냥하다
637,standard,"기준, 표준"
638,destroy,파괴하다
639,stiff,뻣뻣한
640,consider,"여기다, 고려하다"
641,accept,받아들이다
642,expect,예상하다
643,obey,복종하다
644,suggest,제안하다
645,hide,숨기다
646,cultural,문화의
647,basic,기본적인
648,social,사회의
649,local,지역의
650,elderly,"나이든, 구식의"
651,boring,지루한
652,unhappy,불행한
653,weak,약한
654,crazy,"미친, 열광한"
655,quick,빠른
656,alive,살아있는
657,easily,쉽게
658,outside,"외곽, 밖"
659,abroad,"외국에, 해외로"
660,quite,"꽤, 매우"
661,host,"주인, 진행자"
662,god,신
663,athlete,운동선수
664,guest,손님
665,audience,"청중, 관객"
666,diver,잠수부
667,temperature,온도
668,blood,피
669,cell,"세포, 전지"
670,pool,웅덩이
671,transportation,"운송, 수송"
672,temple,"사원, 신전"
673,bowl,그릇
674,thought,생각
675,brick,벽돌
676,crop,"곡식, 작물"
677,planet,행성
678,sheet,(종이 등의) 장
679,tail,꼬리
680,quarter,1/4
681,wing,날개
682,crowd,군중
683,purpose,"목적, 용도"
684,care,관심을 갖다
685,decision,결정
686,strike,"치다, 파업"
687,frighten,깜짝 놀란
688,relative,"상대적인, 친척"
689,scare,두렵게 하다
690,patient,"인내심이 있는, 환자"
691,slip,미끄러지다
692,gain,얻다
693,melt,녹다
694,provide,제공하다
695,pollute,오염시키다
696,dig,파다
697,affect,영향을 주다
698,explore,탐구(탐험)하다
699,depend,의지하다
700,warn,경고하다
701,manage,관리하다
702,recognize,인식(인정)하다
703,fit,"적당한, 건강한"
704,celebrate,축하하다
705,correct,수정하다
706,stupid,멍청한
707,surprising,놀라운
708,helpful,유용한
709,active,"활동적인, 적극적인"
710,convenient,편리한
711,colorful,화려한
712,impossible,불가능한
713,wet,젖은
714,medical,의학의
715,wild,야생의
716,outdoor,야외
717,daily,매일의
718,forever,영원히
719,straight,"곧은, 직선의"
720,indeed,실제로
721,wood,"나무, 목재"
722,lawyer,변호사
723,cave,동굴
724,officer,경관
725,tomb,무덤
726,university,대학교
727,tool,도구
728,level,수준
729,satellite,인공위성
730,growth,성장
731,communication,의사소통
732,journey,여행
733,wealth,"부, 재산"
734,gun,총
735,attention,관심
736,emergency,응급상황
737,miracle,기적
738,case,"사례, 경우"
739,stream,"시내, 냇물"
740,difficulty,어려움
741,wave,"파도, 파장"
742,addition,"추가, 첨가"
743,value,"가치, 귀중히 여기다"
744,credit,"신용, 학점, 인정"
745,beat,물리치다
746,fool,"바보, 속이다"
747,support,지지(지탱)하다
748,harvest,수확하다
749,chemical,화학의
750,figure,"숫자, 모양, 인물"
751,female,여성의
752,tie,"묶다, 유대"
753,fair,공정한
754,boil,끓이다
755,respond,반응(응답)하다
756,borrow,빌리다
757,deliver,전달(배달)하다
758,belong,속하다
759,fold,접다
760,communicate,"소통하다, 전하다"
761,include,포함하다
762,confuse,혼동시키다
763,earn,"벌다, 얻다"
764,survive,생존하다
765,bet,"내기하다, 단언하다"
766,handsome,잘생긴
767,calm,"고요한, 침착한"
768,gentle,정중한
769,direct,"지시하다, 직접적인"
770,mad,미친
771,sweet,달콤한
772,merry,기쁜
773,thick,두꺼운
774,noisy,시끄러운
775,abstract,추상적인
776,scientific,과학적인
777,someday,어느 날
778,mostly,대게
779,nowadays,요즘
780,anywhere,어디서나
781,captain,"선장, 주장"
782,population,인구
783,stranger,낯선 사람
784,coast,해변
785,statue,동상
786,bucket,양동이
787,spirit,정신
788,cart,수레
789,scenery,"배경, 풍경"
790,cage,우리
791,gesture,몸짓
792,screen,"가리다, 차단하다"
793,pole,기둥
794,kite,연
795,rubber,고무
796,autumn,가을
797,structure,구조
798,breeze,산들바람
799,root,뿌리
800,mess,"혼란, 엉망"
801,schedule,일정
802,litter,더럽히다
803,tour,관광하다
804,joke,농담
805,charge,"충전하다, 부과하다"
806,hike,걷다
807,decrease,줄어들다
808,fear,두려움
809,review,복습하다
810,offer,제공(제안)하다
811,vote,투표하다
812,remain,여전히 ~이다
813,attend,참석하다
814,repair,수리하다
815,discuss,토론하다
816,blank,"공허한, 빈칸"
817,settle,정착하다
818,final,마지막의
819,elect,선거하다
820,public,공공의
821,achieve,이루다
822,bend,구부리다
823,appreciate,"감사하다, 인정하다"
824,float,"뜨다, 표류하다"
825,brave,용감한
826,bark,"짖다, 나무껍질"
827,cheap,값싼
828,concentrate,집중하다
829,classical,고전의
830,dead,죽은
831,familiar,친숙한
832,personal,개인적인
833,unknown,미지의
834,historic,역사적인
835,uncomfortable,불편한
836,western,서쪽의
837,simply,단순히
838,ahead,"앞에, 앞서서"
839,anyway,어쨌든
840,exactly,정확히
841,government,정부
842,climate,기후
843,stomach,"위, 위장"
844,degree,"정도, 학위"
845,flour,밀가루
846,article,"기사, 물품"
847,doll,인형
848,metal,금속의
849,cyberspace,우주공간
850,monster,괴물
851,strength,"힘, 체력"
852,treasure,"보물, 귀중히 여기다"
853,will,"~할 것이다, 유언장"
854,symbol,상징
855,development,"발전, 개발"
856,ceremony,의식
857,engineering,공학
858,congratulation,축하
859,edge,"가장자리, 우세"
860,breath,호흡
861,pattern,"모범, 모형, 양식"
862,death,죽음
863,alarm,"경보, 경계"
864,headache,두통
865,dot,점
866,muscle,근육
867,cost,비용
868,base,"기본, 기초"
869,focus,"초점, 집중"
870,lock,잠그다
871,shock,충격을 주다
872,dislike,싫어하다
873,reward,보답(보상)하다
874,feed,먹이를 주다
875,impress,인상을 주다
876,rent,임대하다
877,replace,교체(대체)하다
878,suffer,고통을 주다
879,fail,실패하다
880,hang,매달다
881,skip,건너뛰다
882,wrap,포장하다
883,necessary,필수적인
884,pleasant,유쾌한
885,elementary,"기본의, 초등의"
886,lonely,외로운
887,fantastic,환상적인
888,thirsty,목마른
889,tasty,맛있는
890,polite,정중한
891,flat,평평한
892,rude,무례한
893,tough,"거친, 강인한"
894,excellent,훌륭한
895,outstanding,탁월한
896,overweight,과체중의
897,forward,앞으로
898,perhaps,아마도
899,badly,"심하게, 나쁘게"
900,twice,"두 번, 두 배"
901,heaven,"하늘, 천국"
902,generation,세대
903,tenant,세입자
904,self,자아
905,helicopter,헬리콥터
906,maxim,격언
907,sand,모래
908,portrait,초상화
909,castle,성
910,fist,주먹
911,kindness,친절
912,darkness,어둠
913,concentration,"집중, 농도"
914,earthquake,지진
915,mystery,불가사의
916,weapon,무기
917,battle,"전투, 싸우다"
918,charity,자선단체
919,industry,산업
920,saying,속담
921,chat,잡담하다
922,issue,"문제, 발행하다"
923,puzzle,당혹하게 하다
924,signal,신호를 보내다
925,bloom,"꽃, 개화하다"
926,exchange,교환하다
927,advance,진보
928,swallow,"삼키다, 제비"
929,graduate,졸업하다
930,average,평균적인
931,predict,예측(예언)하다
932,official,공식적인
933,compare,비교하다
934,gray,"화색, 회색의"
935,complain,불평하다
936,prefer,선호하다
937,forgive,용서하다
938,relax,쉬다
939,determine,결정하다
940,reduce,줄이다
941,exist,존재하다
942,bury,묻다
943,holy,신성한
944,shoot,쏘다
945,upper,위쪽의
946,yell,고함을 지르다
947,central,중심의
948,powerful,강력한
949,normal,"정상적인, 평범한"
950,faithful,신뢰할만한
951,similar,비슷한
952,creative,창의적인
953,honest,정직한
954,deaf,귀가 먼
955,ashamed,부끄러운
956,electronic,전자의
957,anymore,"이제는, 더 이상"
958,nearly,거의
959,besides,"게다가, 더욱이"
960,happily,행복하게
961,ancestor,조상
962,birth,"출생, 탄생"
963,chairperson,의장
964,childhood,어린 시절
965,customer,"손님, 고객"
966,education,교육
967,astronaut,우주비행사
968,emotion,감정
969,dynasty,왕조
970,attitude,태도
971,furniture,가구
972,courage,용기
973,drug,약
974,condition,"상태, 조건"
975,greenhouse,온실
976,fever,열
977,harmony,조화
978,conversation,대화
979,dirt,먼지
980,adventure,모험
981,shot,주사
982,triangle,삼각형
983,curve,"휘어진, 굴곡진"
984,bulb,전구
985,stuff,"물건, 속을 채우다"
986,attack,공격하다
987,pack,"싸다, 포장하다"
988,cough,"기침, 기침하다"
989,spill,"쏟다, 엎지르다"
990,flow,흐르다
991,debate,"토론, 토론하다"
992,search,조사(검색)하다
993,whisper,속삭이다
994,original,"본래의, 참신한"
995,lay,"눕히다, ~에 두다"
996,opposite,정반대의
997,pardon,"용서, 용서하다"
998,jog,"뛰다, 달리다"
999,beg,간청(구걸)하다
1000,scan,조사하다
1001,relate,관련시키다
1002,describe,묘사하다
1003,intelligent,지적인
1004,freeze,얼다
1005,eager,열망하는
1006,remove,제거하다
1007,disabled,불구의
1008,single,단 하나의
1009,homeless,집 없는
1010,positive,긍정적인
1011,harmful,해로운
1012,ugly,추한
1013,lifelong,평생에 걸친
1014,northern,북쪽의
1015,nervous,초조한
1016,nearby,근처에
1017,seldom,거의 ~아닌
1018,upside down,거꾸로
1019,somewhere,어딘가
1020,downtown,시내
1021,thief,도둑
1022,manager,관리자
1023,lifetime,일생
1024,shore,해안
1025,career,"직업, 경력"
1026,sunrise,"일출, 해돋이"
1027,fitness,"건강, 적당"
1028,lighting,조명
1029,economy,경제
1030,wire,"배선, 배선하다"
1031,fur,"모피, 털"
1032,stage,무대
1033,engine,엔진
1034,zone,지역
1035,balloon,풍선
1036,height,"키, 높이"
1037,border,"국경, 경계"
1038,prediction,"예측, 예언"
1039,disaster,재앙
1040,marriage,결혼
1041,forecast,예상(예보)하다
1042,period,"기간, 마침표"
1043,quarrel,"싸움, 다툼"
1044,claim,주장하다
1045,harm,해를 입히다
1046,deal,거래
1047,glue,접착제
1048,limit,제한하다
1049,regard,간주하다
1050,tap into,활용하다
1051,sink,가라앉다
1052,spray,뿌리다
1053,characteristic,"특성 있는, 특성"
1054,weigh,무게가 나가다
1055,professional,전문적인
1056,pray,기도하다
1057,encourage,격려하다
1058,greet,인사하다
1059,reflect,반사(반영)하다
1060,chew,씹다
1061,slide,미끄러지다
1062,attract,끌어들이다
1063,stretch,쭉 뻗다
1064,overcome,극복하다
1065,steal,훔치다
1066,salty,짠
1067,comic,"희극의, 만화의"
1068,southern,남쪽의
1069,anxious,"걱정하는, 열망하는"
1070,curious,호기심이 있는
1071,asleep,잠든
1072,humorous,유머 있는
1073,effective,효과적인
1074,foolish,멍청한
1075,due to,~때문에
1076,greedy,탐욕스러운
1077,actually,실제로
1078,valuable,귀중한
1079,rather,"오히려, 다소"
1080,certainly,분명히
1081,agent,"대리, 대행"
1082,architect,건축가
1083,politics,정치학
1084,narrator,해설자
1085,reality,현실
1086,enemy,적
1087,relationship,관계
1088,throat,"목, 성대"
1089,role,역할
1090,illness,질병
1091,theater,극장
1092,weed,잡초
1093,performance,"실적, 공연"
1094,humor,유머
1095,cast,던지다
1096,volcano,화산
1097,reservation,"예약, 보류"
1098,kingdom,왕국
1099,sightseeing,관광
1100,attempt,시도하다
1101,path,"길, 통로"
1102,award,수상(수여)하다
1103,source,"자원, 근원"
1104,broadcast,방송하다
1105,proof,증거
1106,aid,돕다
1107,term,"용어, 기간"
1108,nod,끄덕이다
1109,net,그물
1110,escape,탈출하다
1111,trust,신뢰하다
1112,envy,부러워하다
1113,crash,충돌하다
1114,measure,측정하다
1115,hatch,부화하다
1116,chief,"우두머리, 주요한"
1117,clap,박수치다
1118,total,전체의
1119,announce,"알리다, 고지하다"
1120,worth,"가치, 가치 있는"
1121,represent,"나타내다, 대표하다"
1122,embarrass,난처하게 하다
1123,devote,"바치다, 헌신하다"
1124,erupt,붕괴하다
1125,peaceful,평화로운
1126,perform,"실행하다, 공연하다"
1127,painful,고통스러운
1128,publish,출판하다
1129,sharp,날카로운
1130,silent,조용한
1131,responsible,책임감이 있는
1132,silly,어리석은
1133,lazy,게으른
1134,scary,무서운
1135,likely,가능성이 있는
1136,sore,"아픈, 쑤시는"
1137,completely,"완벽히, 완전히"
1138,bitter,"쓰라린, 혹독한"
1139,immediately,즉시
1140,lately,"요즈음, 최근"
1141,landscape,"풍경, 경치"
1142,happiness,행복
1143,construction,건설
1144,freedom,자유
1145,mood,"기분, 감정"
1146,independence,"독립, 자립"
1147,excitement,"흥분, 흥미"
1148,imagination,"상상, 상상력"
1149,complaint,불평
1150,importance,중요
1151,confidence,자신감
1152,speech,"말, 연설"
1153,invasion,"침입, 침략"
1154,silence,"침묵, 고요"
1155,container,"용기, 그릇"
1156,invitation,초대
1157,ash,재
1158,exhibition,"전시, 전시회"
1159,bar,"방망이, 빗장"
1160,sculpture,조각
1161,contact,접촉하다
1162,region,"지방, 지역"
1163,benefit,"이익, 이득"
1164,position,"자세, 위치"
1165,damage,"피해, 손해"
1166,research,조사하다
1167,supply,공급하다
1168,aim,"목표, 겨냥하다"
1169,demand,요구하다
1170,moral,"도덕, 도덕적인"
1171,lack,"부족, 부족하다"
1172,extra,여분의
1173,conflict,갈등
1174,arrange,"배열하다, 조율하다"
1175,spin,회전하다
1176,advise,충고하다
1177,scratch,"긁다, 할퀴다"
1178,recommend,추천하다
1179,suppose,가정하다
1180,declare,선언하다
1181,refer,참고하다
1182,prove,증명하다
1183,ruin,"파멸, 폐허"
1184,injure,다치게 하다
1185,rid,제거하다
1186,connect,연결하다
1187,tight,"꼭 끼는, 빈틈없는"
1188,hug,끌어 안다
1189,brilliant,"훌륭한, 총명한"
1190,foggy,안개 낀
1191,specific,구체적인
1192,neat,"깔끔한, 단정한"
1193,unusual,"유별난, 비범한"
1194,loose,"느슨한, 헐거운"
1195,negative,부정적인
1196,endangered,위기에 처한
1197,royal,왕족의
1198,bound,"경계, 범위"
1199,partly,부분적으로
1200,recently,최근에
1201,merchant,상인
1202,peer,"동년배, 또래"
1203,heritage,유산
1204,pressure,압박
1205,organization,"조직, 기관"
1206,association,"연합, 제휴"
1207,kindergarten,유치원
1208,playground,"운동장, 놀이터"
1209,management,"관리, 경영"
1210,pond,연못
1211,operation,"수술, 운영, 작동"
1212,harbor,항구
1213,mission,임무
1214,frame,"틀, 구조, 골격"
1215,means,"수단, 방법"
1216,hammer,망치
1217,payment,지불
1218,expression,표현
1219,merit,"가치, 장점"
1220,quality,"질, 자질"
1221,mirror,거울
1222,movement,"움직임, 운동"
1223,ladder,사다리
1224,package,꾸러미
1225,ingredient,재료
1226,survey,조사하다
1227,index,"지침, 색인, 검지"
1228,panic,"당환, 공항"
1229,behave,행동하다
1230,sigh,한숨을 쉬다
1231,compete,경쟁하다
1232,rinse,헹구다
1233,argue,"주장하다, 논쟁하다"
1234,appeal,"매력, 호소하다"
1235,release,"놓아주다, 배출하다"
1236,sweep,"청소하다, 휩쓸다"
1237,pretend,~인 체하다
1238,consist,"구성되다, 있다"
1239,conclude,결론짓다
1240,unify,통합하다
1241,observe,"관찰하다, 준수하다"
1242,depress,우울하게 하다
1243,spicy,"짜릿한, 통쾌한"
1244,blame,비난하다(받다)
1245,terrific,"멋진, 빼어난"
1246,smooth,부드러운
1247,steady,꾸준한
1248,wooden,나무의
1249,spare,"아끼다, 여분의"
1250,helpless,무기력한
1251,unique,독특한
1252,incredible,믿을 수 없는
1253,unnecessary,불필요한
1254,available,이용 가능한
1255,ill,아픈
1256,ancient,고대의
1257,underground,"지하, 지하의"
1258,recent,최근의
1259,sincerely,진심으로
1260,thus,"따라서, 이렇게"
1261,wildlife,야생
1262,dinosaur,공룡
1263,sunset,"일몰, 해넘이"
1264,ruler,"통치자, 지배자"
1265,horizon,"지평선, 수평선"
1266,admiral,"해군 장성, 제독"
1267,steam,증기
1268,liberty,자유
1269,warmth,"온기, 따뜻함"
1270,unification,"통합, 단일화"
1271,statement,"진술, 문장"
1272,trial,"시도, 재판"
1273,response,반응(대응)하다
1274,treatment,치료
1275,task,과제
1276,shelter,"은신처, 피난하다"
1277,security,"안전, 보안"
1278,orphanage,고아원
1279,needle,바늘
1280,item,물품
1281,branch,"가지, 분점"
1282,firewood,땔감
1283,thread,실
1284,dessert,"디저트, 후식"
1285,row,"줄, 열"
1286,range,범위
1287,yawn,하품하다
1288,rumor,소문
1289,rub,문지르다
1290,vehicle,"차량, 탈것, 수단"
1291,wipe,닦다
1292,sew,꿰매다
1293,operate,"운영하다, 수술하다"
1294,associate,"관련짓다, 연상하다"
1295,contain,"담다, 포함하다"
1296,identify,식별(분간)하다
1297,preserve,"보존하다, 예약하다"
1298,mention,언급하다
1299,refuse,거절하다
1300,establish,"세우다, 정하다"
1301,remind,상기시키다
1302,unite,결합하다
1303,bother,괴롭히다
1304,frustrate,좌절시키다
1305,tiny,미세한
1306,blond,금발의
1307,curly,곱슬머리의
1308,cheerful,유쾌한
1309,rapid,빠른
1310,careless,부주의한
1311,shy,수줍은
1312,dull,"무딘, 우둔한"
1313,eastern,동쪽의
1314,disgusting,역겨운
1315,violent,폭력적인
1316,willing,자발적인
1317,worldwide,세계적인
1318,golden,황금의
1319,highly,매우
1320,apart,떨어져서
1321,lung,폐
1322,passenger,승객
1323,passport,여권
1324,continent,대륙
1325,photo,사진
1326,port,항구
1327,envelope,봉투
1328,cooperation,"협력, 협동"
1329,attendant,"수행원, 참석자"
1330,competition,"경쟁, 경연"
1331,appointment,약속
1332,convenience,"편의, 편리"
1333,midnight,자정
1334,curiosity,호기심
1335,skyscraper,고층건물
1336,suicide,자살하다
1337,chimney,굴뚝
1338,bullet,총알
1339,fence,울타리
1340,backbone,"등뼈, 척추"
1341,evidence,증거
1342,descendant,"자손, 후예"
1343,feature,"특징, 주연시키다"
1344,collection,"수집, 소장품"
1345,flavor,"맛, 맛을 내다"
1346,desire,"바라다, 갈망하다"
1347,leap,도약하다
1348,export,수출하다
1349,leak,새어나오다
1350,stare,응시하다
1351,scream,비명을 지르다
1352,deceive,속이다
1353,refresh,충전하다
1354,commit,저지르다
1355,occur,일어나다
1356,twist,비틀다
1357,obtain,얻다
1358,decorate,장식하다
1359,intend,의도하다
1360,convert,전환하다
1361,lower,낮추다
1362,tend,~하는 경향이 있다
1363,lean,기대다
1364,firm,"단호한, 회사"
1365,equal,"같은, 평등한"
1366,senior,"손위의, 선배의"
1367,separate,분리하다
1368,major,주요한
1369,hard-working,열심히 일하는
1370,minor,"사소한, 소수의"
1371,hopeless,희망 없는
1372,individual,"개인, 개인의"
1373,various,다양한
1374,grand,"웅대한, 장엄한"
1375,raw,날것의
1376,odd,"홀수의, 이상한"
1377,portable,휴대할 수 있는
1378,awkward,"서투른, 어색한"
1379,rarely,거의 ~아닌
1380,directly,직접적으로
1381,novel,"소설, 참신한"
1382,universe,우주
1383,grave,"무덤, 암울한"
1384,laughter,웃음
1385,crime,범죄
1386,knee,무릎
1387,prison,"감옥, 감금하다"
1388,gym,체육관
1389,blanket,"담요, 덮다"
1390,equipment,"장비, 설비"
1391,skin,피부
1392,rope,밧줄
1393,instance,"예, 사례"
1394,refrigerator,냉장고
1395,element,"요소, 성분"
1396,production,생산
1397,dozen,12개
1398,tradition,전통
1399,honesty,정직
1400,religion,종교
1401,duty,의무
1402,semester,학기
1403,failure,실패
1404,course,"과정, 강의"
1405,rate,비율
1406,flea,벼룩
1407,progress,"진행, 진보"
1408,plug,전기를 연결하다
1409,trade,거래하다
1410,ache,아픔
1411,doubt,"의심, 의심하다"
1412,handle,다루다
1413,march,행진하다
1414,pause,멈추다
1415,delay,지연시키다
1416,admire,감탄(칭찬)하다
1417,satisfy,만족시키다
1418,apologize,사과하다
1419,misunderstand,오해하다
1420,threaten,위협하다
1421,scold,꾸짖다
1422,arrest,체포하다
1423,apply,적용하다
1424,select,선택하다
1425,drown,익사하다
1426,narrow,"좁은, 좁히다"
1427,broad,"넓은, 광범위한"
1428,attractive,매력적인
1429,cruel,잔인한
1430,awful,"두려운, 불쾌한"
1431,private,사적인
1432,casual,격식 없는
1433,urgent,"긴급한, 급박한"
1434,capable,유능한
1435,military,"군, 군의"
1436,absent,결석의
1437,historical,역사적인
1438,alike,"같은, 마찬가지의"
1439,fully,"충분히, 완전히"
1440,otherwise,그렇지 않으면
1441,citizen,시민
1442,author,작가
1443,fare,"요금, 운임"
1444,secretary,"비서, 서기, 장관"
1445,tale,"이야기, 설화"
1446,beggar,거지
1447,suggestion,"제안, 시사"
1448,shepherd,양치기
1449,responsibility,"책임, 책임감"
1450,fable,우화
1451,risk,위험
1452,tongue,혀
1453,intelligence,지능
1454,departure,출국
1455,viewpoint,관점
1456,entrance,입구
1457,scissors,가위
1458,method,방법
1459,shell,껍질
1460,aptitude,적성
1461,surface,"표면, 떠오르다"
1462,victory,승리
1463,version,"판, 버전"
1464,chain,"사슬, 연쇄"
1465,account,"계산, 계좌"
1466,billion,10억
1467,influence,영향을 주다
1468,blossom,"꽃, 꽃을 피우다"
1469,fasten,"묶다, 조이다"
1470,praise,칭찬하다
1471,manufacture,제조하다
1472,wind,바람
1473,hire,고용하다
1474,require,요구하다
1475,examine,시험하다
1476,tremble,"떨다, 흔들리다"
1477,explode,폭발하다
1478,starve,굶주리다
1479,erase,지우다
1480,quit,그만두다
1481,interrupt,"가로막다, 중단하다"
1482,spoil,망치다
1483,deny,부인하다
1484,punish,벌하다
1485,former,이전의
1486,translate,"번역하다, 바꾸다"
1487,clever,"영리한, 영악한"
1488,wealthy,부유한
1489,distant,거리
1490,dependent,의존적인
1491,faint,"희미한, 기절한"
1492,mild,온화한
1493,double,두 배의
1494,harsh,혹독한
1495,entire,전체의
1496,informal,비공식적인
1497,frequent,빈번한
1498,lunar,달의
1499,possibly,아마도
1500,overseas,해외의
1501,client,고객
1502,counselor,"고문, 상담자"
1503,clown,광대
1504,opportunity,기회
1505,immigrant,"이주자, 이민자"
1506,literature,문학
1507,dragon,용
1508,illusion,"환상, 환각"
1509,nail,"손톱, 못"
1510,leisure,여가
1511,baggage,"짐, 수화물"
1512,shuttle,왕복선
1513,label,라벨을 붙이다
1514,location,위치
1515,coal,석탄
1516,laundry,세탁물
1517,bubble,거품
1518,germ,병균
1519,bug,"벌레, 곤충"
1520,length,길이
1521,dawn,새벽
1522,relation,관계
1523,detail,세부사항
1524,similarity,유사
1525,plenty,많은
1526,sort,분류하다
1527,delight,"기쁨, 즐거움"
1528,rental,"임대, 임대료"
1529,dispute,논쟁(반박)하다
1530,commercial,상업적인
1531,flame,"불꽃, 화염"
1532,ideal,이상적인
1533,flash,"번쩍이다, 섬광"
1534,complex,복잡한
1535,regret,후회하다
1536,junior,"손아래의, 후배의"
1537,bless,축복하다
1538,shut,"닫다, 막다"
1539,spell,철자를 쓰다
1540,bore,지루하게 하다
1541,surround,둘러싸다
1542,compose,작문(작곡)하다
1543,swear,맹세하다
1544,mend,"고치다, 수선하다"
1545,wander,"헤매다, 방랑하다"
1546,inform,"알리다, 공지하다"
1547,generous,관대한
1548,calculate,계산하다
1549,grateful,감사하는
1550,ordinary,평범한
1551,instant,즉각적인
1552,selfish,이기적인
1553,medium,"중간, 매체"
1554,strict,엄격한
1555,needy,"가난한, 어려운"
1556,sour,"신, 신맛의"
1557,illegal,불법적인
1558,solar,태양의
1559,either,"또한, 역시"
1560,neither,둘 다 ~아닌
1561,appetite,식욕
1562,conductor,지휘자
1563,beast,짐승
1564,court,"법정, 경기장"
1565,palm,손바닥
1566,dictation,"명령, 지시, 받아쓰기"
1567,lab,"연구실, 실험실"
1568,jam,"잼, 정체"
1569,institute,교육기관
1570,string,"끈, 줄"
1571,journalism,언론
1572,salary,급여
1573,outline,"개요, 윤곽"
1574,scale,"규모, 비늘, 저울"
1575,crosswalk,교차로
1576,spot,"지점, 식별하다"
1577,lyrics,가사
1578,shame,"부끄러움, 수치"
1579,charm,"매력, 주문"
1580,chemistry,화학
1581,force,"힘, 동력"
1582,import,수입하다
1583,function,"기능, 기능하다"
1584,load,짐을 싣다
1585,contrast,"대조, 대비"
1586,link,연결하다
1587,assist,"돕다, 지원하다"
1588,assistant,"조수, 보조"
1589,employ,고용(사용)하다
1590,liquid,액체
1591,govern,통치(지배)하다
1592,solid,"고체, 딱딱한"
1593,entertain,즐겁게 하다
1594,evil,"악, 악의"
1595,criticize,비판하다
1596,snap,"덥석 물다, 낚아채다"
1597,indicate,가리키다
1598,possess,소유하다
1599,react,반응하다
1600,contribute,기여(공헌)하다
1601,dare,감히 ~하다
1602,recover,회복하다
1603,obvious,"명백한, 뻔한"
1604,ignore,무시하다
1605,satisfactory,만족
1606,diligent,"근면한, 성실한"
1607,confident,자신감 있는
1608,pale,창백한
1609,proper,적절한
1610,brief,"간단한, 간략한"
1611,typical,전형적인
1612,rare,"드문, 희귀한"
1613,outer,외부의
1614,genetic,"유전의, 유전자의"
1615,extracurricular,과외의
1616,organic,유기농의
1617,underwater,수중의
1618,holy,신성한
1619,fairly,"공정히, 꽤, 상당히"
1620,unfortunately,불행히도
1621,anniversary,기념일
1622,atmosphere,"대기권, 분위기"
1623,nutrient,영양분
1624,voyage,"여행, 항해"
1625,grain,곡물
1626,navy,해군
1627,document,문서
1628,instrument,"도구, 악기"
1629,license,"면허, 면허증"
1630,tube,"관, 튜브"
1631,blackboard,칠판
1632,leather,가죽
1633,chalk,분필
1634,jewel,보석
1635,department,부서
1636,mud,진흙
1637,fortune,"운, 큰 재산"
1638,target,"목표, 과녁"
1639,resource,자원
1640,aspect,측면
1641,hunger,"배고픔, 굶주림"
1642,anger,분노
1643,error,"오류, 실수"
1644,iron,"철, 다림질하다"
1645,jail,감옥
1646,comment,논평하다
1647,protein,단백질
1648,protest,항의하다
1649,request,"요청, 요청하다"
1650,concern,염려하다
1651,bomb,폭탄
1652,dump,"버리다, 폐기하다"
1653,poison,독
1654,enable,~할 수 있게 하다
1655,wound,"상처, 부상"
1656,annoy,괴롭히다
1657,chase,"쫓다, 추적하다"
1658,insist,주장(고집)하다
1659,afford,~할 여유가 있다
1660,combine,조합(결합)하다
1661,absorb,흡수하다
1662,owe,빚을 지다
1663,attach,부착(첨부)하다
1664,cease,중단하다
1665,cooperate,협력하다
1666,awake,깨어나다
1667,defend,방어하다
1668,idle,"게으른, 한가한"
1669,be aware of,~를 인식하다
1670,previous,이전의
1671,precious,귀중한
1672,efficient,효율적인
1673,political,정치적인
1674,rough,"거친, 험한"
1675,nuclear,"핵의, 원자력의"
1676,severe,혹독한
1677,indoor,실내의
1678,romantic,낭만적인
1679,aloud,크게
1680,sometime,언젠가
1681,democracy,민주주의
1682,identity,"동일, 정체, 신원"
1683,justice,정의
1684,devil,"악마, 악마의"
1685,faith,신념
1686,spectator,"관객, 구경꾼"
1687,glory,영광
1688,recreation,"오락, 기분전환"
1689,apology,사과(사죄)하다
1690,income,수입
1691,crisis,위기
1692,tax,세금
1693,debt,"빚, 채무"
1694,fee,요금
1695,gap,"차이, 간격"
1696,fuel,연료
1697,angle,"각도, 관점"
1698,burden,"짐, 부담"
1699,theory,이론
1700,selection,"선택, 선별"
1701,nest,둥지
1702,sum,"총계, 요약하다"
1703,labor,"노동, 노력"
1704,profit,이윤
1705,remark,비평하다
1706,process,"과정, 절차, 가공하다"
1707,comfort,"편리, 편안"
1708,exit,"출구, 나가다"
1709,approach,"접근하다, 접근방식"
1710,purchase,구매하다
1711,struggle,"애쓰다, 노력하다"
1712,defeat,"물리치다, 패배시키다"
1713,content,내용
1714,persuade,설득하다
1715,acid,산
1716,emphasize,강조하다
1717,differ,다르다
1718,accuse,고소(비난)하다
1719,deserve,~해 마땅하다
1720,investigate,조사하다
1721,permit,허가하다
1722,distinguish,구별하다
1723,forbid,금지하다
1724,adopt,채택(입양)하다
1725,reject,거부하다
1726,usual,"평범한, 보통의"
1727,pure,순수한
1728,primary,"주요한, 제1의"
1729,dumb,"벙어리의, 우둔한"
1730,sufficient,충분한
1731,slight,약간의
1732,accurate,정확한
1733,particular,특별한
1734,complicated,복잡한
1735,financial,재정의
1736,artificial,인공의
1737,be fond of,~를 좋아하다
1738,tropical,열대의
1739,aboard,배(비행기)에 탄
1740,hardly,거의 ~아닌
1741,pupil,"제자, 동공"
1742,mankind,인류
1743,servant,"하인, 시종"
1744,poet,시인
1745,profession,"직업, 선언"
1746,detective,탐정
1747,occupation,"직업, 거주"
1748,consumer,소비자
1749,surgery,수술
1750,chef,요리사
1751,instruction,"지시, 교육"
1752,wage,"임금, 급료"
1753,principle,"원리, 원칙"
1754,steel,강철
1755,revolution,혁명
1756,device,"장치, 설비"
1757,authority,"권위, 공공기관"
1758,pill,알약
1759,rank,"등급, 평가하다"
1760,ceiling,천장
1761,property,재산
1762,aisle,"통로, 복도"
1763,advantage,"유리, 이익"
1764,appearance,외모
1765,affair,"일, 사건"
1766,destination,목적지
1767,occasion,"경우, 근거"
1768,sweat,땀을 흘리다
1769,propose,제안하다
1770,switch,"바꾸다, 전환하다"
1771,approve,승인하다
1772,grab,움켜쥐다
1773,admit,인정하다
1774,plain,"평범한, 평원"
1775,conduct,지휘(실행)하다
1776,giant,"거인, 거대한"
1777,reserve,보존(예약)하다
1778,found,"설립하다, 세우다"
1779,reveal,드러내다
1780,seek,"찾다, 구하다"
1781,extend,확장하다
1782,fog,안개
1783,involve,포함하다
1784,swing,"흔들다, 그네"
1785,definite,"뚜렷한, 명백한"
1786,cancel,취소하다
1787,significant,"중요한, 상당한"
1788,avoid,회피하다
1789,vital,"생명의, 중대한"
1790,permanent,영구적인
1791,extreme,극단적인
1792,temporary,일시적인
1793,academic,학구적인
1794,steep,가파른
1795,guilty,유죄의
1796,logical,논리적인
1797,conscious,의식적인
1798,ridiculous,우스운
1799,generally,일반적으로
1800,stairway,계단